{"parts": {"front hair": {"xyxy": [522, 183, 715, 694], "tag": "front hair", "part_id": 0, "depth_median": 0.10980392247438431}, "back hair": {"xyxy": [376, 157, 975, 882], "tag": "back hair", "part_id": 1, "depth_median": 0.8980392217636108}, "face": {"xyxy": [543, 208, 701, 382], "tag": "face", "part_id": 2, "depth_median": 0.40784314274787903}, "eyebrow": {"xyxy": [560, 270, 675, 298], "tag": "eyebrow", "part_id": 3, "depth_median": 0.49215686321258545}, "eyelash": {"xyxy": [561, 291, 687, 344], "tag": "eyelash", "part_id": 4, "depth_median": 0.2078431397676468}, "irides": {"xyxy": [572, 296, 677, 343], "tag": "irides", "part_id": 5, "depth_median": 0.22745098173618317}, "eyewhite": {"xyxy": [568, 297, 678, 344], "tag": "eyewhite", "part_id": 6, "depth_median": 0.29019609093666077}, "ears": {"xyxy": [687, 174, 775, 251], "tag": "ears", "part_id": 7, "depth_median": 0.40884312987327576}, "nose": {"xyxy": [612, 344, 616, 348], "tag": "nose", "part_id": 8, "depth_median": 0.4068431556224823}, "mouth": {"xyxy": [619, 355, 633, 362], "tag": "mouth", "part_id": 9, "depth_median": 0.4068431556224823}, "neck": {"xyxy": [622, 335, 671, 404], "tag": "neck", "part_id": 10, "depth_median": 0.6666666865348816}, "topwear": {"xyxy": [425, 378, 810, 814], "tag": "topwear", "part_id": 11, "depth_median": 0.5960784554481506}, "handwear": {"xyxy": [352, 410, 804, 784], "tag": "handwear", "part_id": 12, "depth_median": 0.7058823704719543}, "legwear": {"xyxy": [530, 723, 722, 1166], "tag": "legwear", "part_id": 13, "depth_median": 0.7372549176216125}, "footwear": {"xyxy": [587, 1144, 704, 1241], "tag": "footwear", "part_id": 14, "depth_median": 0.7254902124404907}, "tail": {"xyxy": [713, 758, 930, 1081], "tag": "tail", "part_id": 15, "depth_median": 0.8901960849761963}}, "frame_size": [1280, 1280]}